"HUM:ind","What contemptible scoundrel stole the cork from my lunch ?"
"HUM:gr","What team did baseball 's St. Louis Browns become ?"
"HUM:title","What is the oldest profession ?"
"HUM:ind","Name the scar-faced bounty hunter of The Old West ."
"HUM:ind","Who was The Pride of the Yankees ?"
"HUM:ind","Who killed Gandhi ?"
"HUM:ind","Name 11 famous martyrs ."
"HUM:ind","Who was the inventor of silly putty ?"
"HUM:gr","Which company that manufactures video-game hardware sells the `` super system '' ?"
"HUM:ind","What 1920s cowboy star rode Tony the Wonder Horse ?"
"HUM:gr","What ISPs exist in the Caribbean ?"
"HUM:ind","Who was the prophet of the Muslim people ?"
"HUM:ind","Who is Snoopy 's arch-enemy ?"
"HUM:ind","Who do Herb and Tootsie live next door to ?"
"HUM:ind","Who is the founder of Scientology ?"
"HUM:ind","Who starred in Singing in the Rain and The Singing Nun ?"
"HUM:ind","What 19th-century painter died in the Marquesas Islands ?"
"HUM:ind","Who were the five Marx brothers ?"
"HUM:gr","What company 's logo is a `` W '' in a circle ?"
"HUM:ind","Who invented Make-up ?"
"HUM:ind","Which of the following was Rhodes Scholar ?"
"HUM:ind","Who comprised the now-defunct comic book team known as the Champions ?"
"HUM:ind","What crooner joined The Andrews Sisters for Pistol Packin Mama ?"
"HUM:gr","What piano company claims its product is the `` Instrument of the immortals '' ?"
"HUM:ind","What actress has received the most Oscar nominations ?"
"HUM:gr","Who produces Spumante ?"
"HUM:ind","Who earns their money the hard way ?"
"HUM:ind","Who founded the People 's Temple Commune ?"
"HUM:ind","What athlete makes the most money from sports merchandise sales ?"
"HUM:ind","Who discovered electricity ?"
"HUM:ind","Who was the first American in space ?"
"HUM:gr","Which Japanese car maker had its biggest percentage of sale in the domestic market ?"
"HUM:ind","Who is the mayor of Marbella ?"
"HUM:ind","Who sings the themes for `` Dawson 's Creek '' and `` Felicity '' ?"
"HUM:ind","Who directed `` Jaws '' ?"
"HUM:gr","What Indian tribe is F Troop perpetually doing battle with ?"
"HUM:ind","What is the name of the managing director of Apricot Computer ?"
"HUM:title","What is the occupation of Nicholas Cage ?"
"HUM:gr","Which Ventura County police department seized the largest cocaine shipment in it 's history ?"
"HUM:ind","Who created Dennis the Menace ?"
"HUM:ind","What dummy received an honorary degree from Northwestern University ?"
"HUM:ind","Name Alvin 's brothers"
"HUM:ind","What actor said in A Day at the Races : `` Either he 's dead or my watch has stopped '' ?"
"HUM:ind","What explorer was nicknamed Iberia 's Pilot ?"
"HUM:gr","Which company created the Internet browser Mosaic ?"
"HUM:gr","What organization 's offices were broken into at Watergate in 1972 ?"
"HUM:ind","What Russian composer 's Prelude in C Sharp Minor brought him fame and fortune ?"
"HUM:ind","Who was the mother of the man who would not be king , the duke of Windsor ?"
"HUM:ind","What was the name of the first Russian astronaut to do a spacewalk ?"
"HUM:ind","Who wrote NN DT NNP NNP '' ?"
"HUM:ind","What diminutive American female gymnast stole the show at the 1984 Olympics ?"
"HUM:gr","What schools in the Washington , DC NN NN VBP NN NN NN NN ."
"HUM:desc","Who is Terrence Malick ?"
"HUM:ind","Who was President of Afghanistan in 1994 ?"
"HUM:ind","Who was the lead actress in the movie ` Sleepless in Seattle ' ?"
"HUM:ind","Who was the 16th President of the United States ?"
"HUM:ind","Who are the two sons of Ozzie and Harriet Nelson ?"
"HUM:ind","Who was the author of the book about computer hackers called `` The Cuckoo 's Egg : Tracking a Spy Through the Maze of Computer Espionage '' ?"
"HUM:ind","Who was the founding member of the Pink Floyd band ?"
"HUM:gr","What toy company is the world 's No.1 maker of female apparel ?"
"HUM:ind","Which Doonesbury character was likely to turn into a werewolf ?"
"HUM:gr","Who has won the most Super Bowls ?"
"HUM:ind","Who has the only speaking role in `` Silent Movie '' ?"
"HUM:ind","What girl 's name is `` Teddy '' an affectionate form of ?"
"HUM:gr","What company tabulates the ballots in voting for the Academy Awards ?"
"HUM:ind","Who made a boat out of gopher wood ?"
"HUM:ind","Which Bloom County resident wreaks havoc with a computer ?"
"HUM:ind","What part did John Peter Zenger play in the deveopment of the newspaper in America ?"
"HUM:ind","Who followed Caesar ?"
"HUM:ind","Who was the first woman golfer to earn a million ?"
"HUM:ind","Who does the advertizing for Frito-Lay ?"
"HUM:gr","Who is the leading competitor of Trans Union Company ?"
"HUM:ind","Who invented the radio ?"
"HUM:ind","Who is the man behind the pig-the man who pulls the strings and speaks for Miss Piggy ?"
"HUM:ind","What actor first portrayed James Bond ?"
"HUM:ind","Who was the first American poet to win the Nobel Prize for literature , in 1948 ?"
"HUM:ind","Who won the Nobel Peace Prize in 1991 ?"
"HUM:gr","Who are the Challengers of the Unknown ?"
"HUM:ind","Who was the first coach of the Cleveland Browns ?"
"HUM:ind","Who said of Super Bowl III in 1969 : `` We 'll win- I guarantee it '' ?"
"HUM:ind","Who declared : `` I am down on whores and I shan 't stop ripping them '' ?"
"HUM:ind","What Soviet leader owned a Rolls-Royce ?"
"HUM:ind","Who wrote the song , `` Stardust '' ?"
"HUM:ind","Who is the only prime minister of Canada to serve 22 years but not necessarily consecutively ?"
"HUM:ind","Who received the Will Rogers Award in 1989 ?"
"HUM:ind","What was the name of the lawyer who represented Randy Craft ?"
"HUM:ind","What United States President had dreamed that he was assassinated ?"
"HUM:gr","What Polynesian people inhabit New Zealand ?"
"HUM:ind","What President lived at 219 North Delaware Street , Independence , Missouri ?"
"HUM:ind","What famous model was married to Billy Joel ?"
"HUM:ind","Who danced into stardom with Fred Astaire in 1941 's You 'll Never Get Rich ?"
"HUM:desc","Who is Stein Eriksen ?"
"HUM:ind","Who is the fastest swimmer in the world ?"
"HUM:ind","What actor 's autobiography is titled All My Yesterdays ?"
"HUM:ind","What Russian master spy lived in the U.S. under the name Emil Goldfus ?"
"HUM:ind","Who played the original Charlie 's Angels ?"
"HUM:ind","Who wrote The Night of the Iguana ?"
"HUM:ind","Who painted Mother and Child ?"
"HUM:ind","What was Mao 's second name ?"
"HUM:desc","Who is the `` Queen Mother '' ?"
"HUM:ind","Who has more DNA - a man or a woman ?"
"HUM:gr","What level of government or governmental agency is responsible for dealing with racism ?"
"HUM:ind","Who came up with the name , El Nino ?"
"HUM:ind","What dictator has the nickname `` El Maximo '' ?"
"HUM:gr","What stereo manufacturer is `` Slightly ahead of its time '' ?"
"HUM:ind","What TV sitcom character had the maiden name Ethel Potter ?"
"HUM:ind","Who kept the most famous diary in the English language ?"
"HUM:ind","What Spanish artist painted Crucifixion ?"
"HUM:ind","What spy novelist served as Moscow correspondent for Reuter and The Times of London ?"
"HUM:gr","Which oil company almost picked a word that meant `` stalled car '' in Japanese as its new international name ?"
"HUM:ind","Who was Randy Steven Craft 's lawyer ?"
"HUM:ind","Who was the first host of Person to Person ?"
"HUM:ind","Name the Ranger who was always after Yogi Bear ."
"HUM:ind","Who is the superstar in rent-a-cars ?"
"HUM:ind","Who is the president of Stanford University ?"
"HUM:ind","Whose first presidential order was : `` Let 's get this goddamn thing airborne '' ?"
"HUM:ind","Who invented baseball ?"
"HUM:ind","Who was shot in the back during a Poker game in Deadwood , the Dakota territory ?"
"HUM:gr","What is the best college in the country ?"
"HUM:ind","What wrestling star became `` The Incredible Hulk '' ?"
"HUM:ind","Who was the star of the 1965 Broadway hit Golden Boy ?"
"HUM:gr","What army was founded by William Booth and his wife Catherine ?"
"HUM:ind","What was her real name ?"
"HUM:ind","Who invented the toothbrush ?"
"HUM:ind","What baseball star turned down a $1 , 000-a-year contract because he felt he had n't earned it ?"
"HUM:ind","What video game hero do some of his fans call Chomper ?"
"HUM:ind","What TV comediennes 's characters include former movie star Nora Desmond , secretary Mrs. Wiggins and a housewife named Eunice ?"
"HUM:gr","What was the name of the 187s Irish terrorist group in Pennsylvania mining areas ?"
"HUM:ind","Who played the Ringo Kid in the 1939 film Stagecoach ?"
"HUM:ind","Who died 1 feet from where John F. Kennedy did ?"
"HUM:ind","What first name was Nipsy Russell given at birth ?"
"HUM:ind","Who is the youngest of the Beatles ?"
"HUM:desc","Who is Coronado ?"
"HUM:ind","Who was the first Holy Roman Emperor ?"
"HUM:gr","Name the organization that is presided by a Security Council ."
"HUM:ind","Who graced the airwaves with such pearls as `` Do ya lo-o-ove me ? Get naked , baby ! '' ?"
"HUM:ind","Who portrayed portly criminologist Carl Hyatt on Checkmate ?"
"HUM:gr","Whom did the Chicago Bulls beat in the 1993 championship ?"
"HUM:desc","Who is Desmond Tutu ?"
"HUM:ind","What are the first names of Rowan and Martin , the stars of TV 's Laugh-In ?"
"HUM:ind","Who is the worst US President ever ?"
"HUM:ind","What Asian leader was known as The Little Brown Saint ?"
"HUM:ind","Who sings the song `` Drink to me with thine eyes '' by Ben Johnson ?"
"HUM:ind","Who is the monarch of the United Kingdom ?"
"HUM:ind","What are the top ten most common girl names in the US ?"
"HUM:ind","Who does data collection in tourism ?"
"HUM:ind","What was the name of the daughter of the Virginia chief Powhatan that married John Rolfe ?"
"HUM:ind","Who were the four famous founders of United Artists ?"
"HUM:ind","Who was the only U.S. President to wear a Nazi uniform ?"
"HUM:gr","Woodrow Wilson served as president of what university ?"
"HUM:ind","What 's the nickname of oddsmaker Jimmy Snyder ?"
"HUM:title","What was Queen Victoria 's title regarding India ?"
"HUM:ind","Whose autobiography is titled Yes I Can ?"
"HUM:ind","Who claimed he killed 4 , 280 buffalo as food for the crew building the Kansas Pacific Railway ?"
"HUM:ind","What double talking `` professor '' holds a doctorate in Nothing ?"
"HUM:ind","What 19th-century writer had a country estate on the Hudson dubbed Sunnyside ?"
"HUM:ind","What was the name of the cook on Rawhide ?"
"HUM:ind","Who was named Admiral of the Ocean Seas and Viceroy and Governor General of all the islands he might discover , and also granted 10-?? of all profits of his voyage ."
"HUM:ind","What author landed a 468-pound marlin without harness in the early 193 's ?"
"HUM:ind","What lawyer won the largest divorce settlement , $85 million , in U.S. history for Sheika Dena Al-Farri ?"
"HUM:ind","Who delivered his last newscast on March 6 , 1981 ?"
"HUM:ind","What former major-league left-handed baseball pitcher was known as `` Space Man '' ?"
"HUM:ind","What was Michelangelo 's last name ?"
"HUM:desc","Who is Barbara Jordan ?"
"HUM:ind","Who was the Democratic nominee in the American presidential election ?"
"HUM:ind","What President-to-be was the first member of Congress to enlist following the attack on Pearl Harbor ?"
"HUM:gr","What college produced the most winning Super Bowl quarterbacks ?"
"HUM:ind","What classical Spanish writer warned : `` All that glitters is not gold '' ?"
"HUM:ind","What actor married John F. Kennedy 's sister ?"
"HUM:ind","Who fired Maria Ybarra from her position in San Diego council ?"
"HUM:ind","Who was the first black golfer to tee off in the Masters ?"
"HUM:ind","What U.S. President showed a fondness for munching on bee pollen bars ?"
"HUM:ind","Whose cover is that of an employee of Universal Import and Export ?"
"HUM:ind","What former president 's daughter has written a book titled Murder in the White House ?"
"HUM:ind","What fictional character is known as the `` melancholy Dane '' ?"
"HUM:ind","What longtime game show host dropped dead while jogging in Central Park in 1984 ?"
"HUM:ind","Who were the `` filthiest people alive ? ''"
"HUM:ind","What is the real name of disc jockey `` Wolfman Jack '' ?"
"HUM:ind","Who invented silly putty ?"
"HUM:gr","What new middle school was built in Philadelphia , Pennsylvania last year ?"
"HUM:ind","Who patented the first phonograph ?"
"HUM:ind","Who created private detective Philip Marlowe ?"
"HUM:desc","Who is Colin Powell ?"
"HUM:ind","Who coined the term NN cyberspace `` in his novel NN Neuromancer '' ?"
"HUM:title","What is her profession ?"
"HUM:ind","What is the full name of the man who invented the multicolored game cube that has 42.3 quintillion potential combinations ?"
"HUM:ind","Who was Lauren Bacall 's first husband ?"
"HUM:ind","What U.S. Congressman said : `` Keep the faith , baby '' ."
"HUM:ind","Who created the character of Scrooge ?"
"HUM:gr","What party was Winston Churchill a member of ?"
"HUM:gr","What American League baseball team 's worst finish between 1926 and 1964 was fourth ?"
"HUM:ind","Who was the author of `` John Brown 's Body '' ?"
"HUM:ind","What American poet wrote : `` Good fences make good neighbors '' ?"
"HUM:title","What was the occupation of Mandy Rice-Davies ?"
"HUM:ind","Who painted the Sistine Chapel ?"
"HUM:ind","Name the various costumed personas of Dr. Henry Pym ."
"HUM:ind","What explorers followed Columbus to the Americas ?"
"HUM:ind","Who is actress Goldie Hawn 's current actor boyfriend ?"
"HUM:ind","Who banned Peter Rose from baseball for betting on games ?"
"HUM:ind","What are the names of Richard Nixon 's two daughters ?"
"HUM:gr","What organization was founded by the Rev. Jerry Falwell ?"
"HUM:gr","What company is being bought by Yahoo and how much is the deal worth ?"
"HUM:ind","Who was nicknamed The Little Corporal ?"
"HUM:ind","What was American folk hero John Chapman 's nickname ?"
"HUM:ind","What author did photographer Yousuf Karsh call `` the shiest man I ever met '' ?"
"HUM:ind","Name the poet of the poem which begins : I do not know much about gods ; but I think that the river Is a strong brown god-sullen , and untamed ?"
"HUM:ind","What barroom judge called himself The Law West of the Pecos ?"
"HUM:ind","Who was President of Costa Rica in 1994 ?"
"HUM:ind","Who was chairman of the Senate select committee that tried to get to the bottom of Watergate ?"
"HUM:ind","What actor starred in 1980 's Blue Lagoon , 1982 's The Pirate Movie and 1983 's A Night in Heaven ?"
"HUM:ind","Who is the voice of Miss Piggy ?"
"HUM:ind","Who replaced Bert Parks as the host of The Miss America Pageant ?"
"HUM:ind","Who was the first person inducted into the U.S. Swimming Hall of Fame ?"
"HUM:ind","What golfer has been called Ohio Fats and Blobbo ?"
"HUM:ind","Who murdered Leno and Rosemary LaBianca on August 1"
"HUM:ind","Which of the following men was not married to Rita Hayworth ?"
"HUM:ind","Who said , `` I shall return . '' during World War Two ?"
"HUM:ind","Who portrayed Etta Place , companion to Butch Cassidey and the Sundance Kid ?"
"HUM:ind","Who was the Charlie perfume woman ?"
"HUM:ind","Who portrayed `` Rosanne Rosanna-Dana '' on the television show `` Saturday Night Live '' ?"
"HUM:ind","What singer became despondent over the death of Freddie Prinze , quit show business , and then quit the business ?"
"HUM:gr","What was the backup singing group for Roy Rogers ?"
"HUM:ind","What famous singing cowboy owns the California Angels baseball team ?"
"HUM:ind","Who was Gerald Ford 's vice president ?"
"HUM:ind","Who invented batteries ?"
"HUM:title","What title did Suzette Charles assume for two months in 1984 ?"
"HUM:ind","What was the infamous pseudonym of Peter Sutcliffe ?"
"HUM:title","What is Nicholas Cage 's occupation ?"
"HUM:gr","What Japanese manufacturer is known for both its pianos and its motorcycles ?"
"HUM:ind","Who did Sonny Liston succeed as world heavyweight boxing champion ?"
"HUM:gr","Name the various super-teams to which the Angel has belonged ."
"HUM:ind","What President dispatched a cruiser to carry Charles Lindbergh home after his epic flight ?"
"HUM:ind","Whose video is titled Shape Up with Arnold ?"
"HUM:ind","Who 's the twin brother of the Greek goddess Artemis ?"
"HUM:ind","Who was America 's first Public Enemy No. 1 ?"
"HUM:desc","Who is Dear Abby ?"
"HUM:ind","Who lives at 24 Sussex Drive , Ottawa ?"
"HUM:desc","Who was Monet ?"
"HUM:ind","Who was the famous door-to-door brush salesman ?"
"HUM:gr","What inescapable purveyor of background music celebrated its 5th anniversary in July , 1984 ?"
"HUM:ind","Who is always trying to get the rent from Andy Capp ?"
"HUM:ind","Who did Jackie Kennedy commission to write The Death of a President ?"
"HUM:ind","Who sought to create The Great Society ?"
"HUM:ind","Who said : `` Soldiers win the battles and generals get the credit '' ?"
"HUM:ind","Who is the current UN Secretary General ?"
"HUM:gr","Who provides telephone service in Orange County , California ?"
"HUM:gr","What organization did Mr. Waverly assign agents for ?"
"HUM:ind","What are the characters ' names in the Scooby-Doo cartoon ?"
"HUM:title","What was Eduard Shevardnadze 's job in the Soviet Union ?"
"HUM:ind","Which is the only Dick Tracy villain to appear three times ?"
"HUM:title","What is Larry King 's job ?"
"HUM:ind","What feathered cartoon characters do Yugoslavians know as Vlaja , Gaja , and Raja ?"
"HUM:desc","Who was Lacan ?"
"HUM:ind","Who was the Secretary of War in the Civil War during the Battle of Gettysburg ?"
"HUM:ind","Who did Bobby Fischer beat to win the world chess championship ?"
"HUM:ind","Name the lawyer for Randy Craft ."
"HUM:ind","Who lives at 39 Stone Canyon Way ?"
"HUM:ind","Who played Humpty Dumpty in the 1933 film Alice in Wonderland ?"
"HUM:ind","Who is Karenna Gore , Al Gore 's oldest daughter , married to ?"
"HUM:ind","Who played the title role in I Was a Teenage Werewolf ?"
"HUM:gr","What record company produced the 1978 movie The Wiz ?"
"HUM:ind","What is the name of actor Rex Harrison 's son , who starred in a modestly popular TV show during the late 1960's ?"
"HUM:ind","Who was the inventor of the stove ?"
"HUM:ind","What comedian has a legendary reputation for stealing jokes ?"
"HUM:ind","Who was the king who was forced to agree to the Magna Carta ?"
"HUM:ind","Who was made the first honorary citizen of the U.S. ?"
"HUM:gr","What baseball team was routinely called `` dem bums '' by its frustrated fans ?"
"HUM:ind","Name of scholar on whose literal translations from the Chinese and Japanese Ezra Pound depended ?"
"HUM:ind","Name the On Stage character whose face was never seen ."
"HUM:gr","What is the best Internet business to go into ?"
"HUM:ind","Who is known as `` the world 's oldest teenager '' ?"
"HUM:ind","What baseball team owner and sailor is known as The Mouth of the South ?"
"HUM:ind","Who was with Patricia Hearst the night she was kidnaped ?"
"HUM:ind","What is the Viking Prince 's first name ?"
"HUM:ind","What boxer 's life story is titled Raging Bull ?"
"HUM:ind","Who advised listeners to `` see the U.S.A. in your Chevrolet '' ?"
"HUM:ind","What Nobel laureate was expelled from the Philippines before the conference on East Timor ?"
"HUM:ind","What woman has carried the most multiple births , twins , triplets , etc. , ?"
"HUM:ind","Which Bourbon king was restored to the French throne during Napoleon 's abdication ?"
"HUM:ind","What daughter of Henry VIII and Anne Boleyn became queen of England ?"
"HUM:gr","What 's the most common nickname of U.S. college football teams ?"
"HUM:ind","What comedienne upstaged Dwight D. Eisenhower 's first inauguration by giving birth to her first child ?"
"HUM:ind","Who sang about Desmond and Molly Jones ?"
"HUM:ind","What costume designer decided that Michael Jackson should only wear one glove ?"
"HUM:gr","What company was the original sponsor of TV 's Superman ?"
"HUM:ind","Name the blind sculptress in love with the Fantastic Four 's Thing ."
"HUM:ind","What National Basketball Association superstar told his story in Giant Steps ?"
"HUM:ind","Who developed the first polio vaccine ?"
"HUM:ind","Who made the first gas engine ?"
"HUM:ind","What character did Tex Avery first create upon arriving at MGM ?"
"HUM:ind","What Asian spiritual and political leader was married at the age of 13 ?"
"HUM:ind","What English queen had seventeen children ?"
"HUM:ind","What two baseball players make up the battery ?"
"HUM:ind","Who sells Viagra ?"
"HUM:desc","Who was Darius ?"
"HUM:ind","Who did Dita Beard work for ?"
"HUM:gr","Name the university of which Woodrow Wilson was president ."
"HUM:gr","What university was Woodrow Wilson President of ?"
"HUM:ind","Who served as inspiration for the schoolteacher portrayed by Robin Williams in `` Dead Poets Society '' ?"
"HUM:title","Name the five positions who are in the line of succession to the presidency ."
"HUM:ind","Which one of the original seven Mercury program astronauts did not fly on any of the Mercury flights ?"
"HUM:ind","Who is the best known villain of the 165 Gunpowder Plot ?"
"HUM:ind","Who killed more people , Hitler or Stalin ?"
"HUM:ind","What mustachioed comedian portrayed Frankie in North to Alaska ?"
"HUM:ind","What actor and World War II airman had a $5 , 0 bounty put on his head by Hermann Goering ?"
"HUM:desc","Who is Nicolo Paganini ?"
"HUM:ind","Who portrayed Dracula in Hammer Studios ' films ?"
"HUM:ind","What President 's favorite Biblical quotation was : `` Come now , and let us reason together '' ."
"HUM:gr","Name the food company that traveled to Soviet Georgia to film a series of ads ."
"HUM:gr","What Japanese electronics company was named for a coastal city northeast of Tokyo ?"
"HUM:ind","What mystery writer penned `` ...the glory that was Greece , and the grandeur that was Rome '' ?"
"HUM:ind","What is the protagonist 's name in Dostoevski 's `` The Idiot '' ?"
"HUM:ind","What presidential press secretary dismissed Watergate as a third-rate burglary attempt ?"
"HUM:desc","Who was Jean Nicolet ?"
"HUM:ind","Which of these are authors ?"
"HUM:ind","Who was the original Humpty Dumpty ?"
"HUM:ind","Whose cupboard was bare ?"
"HUM:ind","What 's the name of Popeye 's adopted son ?"
"HUM:ind","Who invented the vacuum cleaner ?"
"HUM:ind","What 2th-century fictional character attends Pencey Prep School ?"
"HUM:ind","Who does Shakespeare 's Antonio borrow 3 , 0 ducats from ?"
"HUM:ind","Who is the Voyager project manager ?"
"HUM:gr","Which radio stations air the Jim Bohannon Radio Talk Show ?"
"HUM:ind","What two commanders directed the forces in the Battle of El Alamein ?"
"HUM:ind","Name the creator of `` The Muppets '' ."
"HUM:ind","Who replies `` I know '' to Princess Leia 's confession `` I love you '' in The Empire Strikes Back ?"
"HUM:gr","What is the name of the firm that makes Spumante ?"
"HUM:ind","Who won the 1967 Academy Award for Best Actor ?"
"HUM:ind","Name the first private citizen to fly in space ."
"HUM:ind","What was football star Elroy Hirsch 's nickname ?"
"HUM:ind","What singer sings `` Oh Boy '' ?"
"HUM:gr","What army 's motto is Blood and Fire ?"
"HUM:ind","What count did Alexandre Dumas write about ?"
"HUM:ind","Who was the first Taiwanese President ?"
"HUM:ind","Who is Luke Skywalker 's father ?"
"HUM:gr","What is the first personal computer company ?"
"HUM:desc","Who was Jane Goodall ?"
"HUM:ind","Who created the comic strip , `` Garfield '' ?"
"HUM:ind","Which Vietnamese terrorist is now a UN delegate in Doonesbury ?"
"HUM:ind","Who is the current prime minister and president of Russia ?"
"HUM:ind","Who established a Viking colony in Greenland about 985 ?"
"HUM:ind","Who shot and killed himself while painting Wheatfield with Crows ?"
"HUM:ind","What future President became Senate majority whip under Harry Truman ?"
"HUM:ind","Who was the architect of Central Park ?"
"HUM:ind","What was the Christian name of the title character in Our Miss Brooks ?"
"HUM:ind","What hard-of hearing artist painted Sunflowers ?"
"HUM:gr","Who were the Yankee 's frequent enemies ?"
"HUM:ind","Who wrote Sons and Lovers ?"
"HUM:ind","What Cherokee Indian gave his name to a tree ?"
"HUM:ind","Who was the star of Leave It to Beaver ?"
"HUM:ind","What was William F. Cody 's better-known name ?"
"HUM:ind","Who did Richard Nixon tender his resignation to ?"
"HUM:desc","Who was Thucydides ?"
"HUM:ind","Which of the following rock 'n roll stars has a `` star '' on Hollywood Boulevard ?"
"HUM:ind","Who took over as conductor of the Boston Pops after Arthur Fiedler 's long reign ?"
"HUM:ind","What Nazi leader killed himself in jail just before he was to be executed as a war criminal ?"
"HUM:gr","Which company claimed to be `` the world 's biggest toy store '' ?"
"HUM:ind","Who is the fastest guitarist ?"
"HUM:ind","Who betrayed Norway to the Nazis ?"
"HUM:ind","Who took the toys donated for the Doodyville Orphans ' Fund and kept them for himself ?"
"HUM:ind","Who were the Picts ?"
"HUM:ind","Who is stationed at Camp Swampy in the comic strips ?"
"HUM:ind","What actor dressed up as Santa Claus and had a once-a-year affair with actress Shelley Winters every Christmas for many years ?"
"HUM:ind","Who wrote The Look of Love after viewing Ursula Andress ?"
"HUM:ind","What is the name of the American swimmer who won seven gold medals in the 1972 Olympics ?"
"HUM:ind","Who claims to have the greatest show on earth ?"
"HUM:ind","What Honeymooners actress did Television magazine name as 1953 's most promising star ?"
"HUM:gr","What kind of organization is ` Last Chance for Animals ' ?"
"HUM:ind","What was the role of the Medieval Guild ?"
"HUM:ind","Silly putty was invented by whom ?"
"HUM:ind","Who invented the paper clip ?"
"HUM:ind","Whom did Lauren Bacall marry after her husband Humphrey Bogart died ?"
"HUM:ind","What composer was awarded the Medal of Honor by Franklin D. Roosevelt ?"
"HUM:ind","Who created the Fantastic Four , Hulk , and Thor ?"
"HUM:ind","Who is the composer of `` Canon in D Major '' ?"
"HUM:ind","Who was the author of the novel `` Far From the Madding Crowd '' ?"
"HUM:ind","What department store heir is responsible for raising a three-ton safe from the underwater wreckage of the Andrea Doria ?"
"HUM:ind","Who was Camp David named for ?"
"HUM:ind","Who portrayed `` the man without a face '' in the movie of the same name ?"
"HUM:ind","Who won the first World Series ?"
"HUM:desc","Who is Samuel Pickering ?"
"HUM:gr","What was the business of the animated Sky Hawks ?"
"HUM:ind","Who was credited with saying : `` I never met a man I did n't like '' ?"
"HUM:gr","What organization has a Security Council ?"
"HUM:ind","What Mexican leader was shot dead in 1923 ?"
"HUM:ind","What female painter produced primitives of rural New England life ?"
"HUM:ind","What are names of two old men who appear in the serial tv Muppets Show ?"
"HUM:ind","Who created Big Ben ?"
"HUM:gr","Name the Marvel team loosely based on DC 's Justice League of America ?"
"HUM:gr","What college football team did Knute Rockne build into a power ?"
"HUM:gr","In what high-risk business venture did Jimmy the Greek bet and lose ?"
"HUM:ind","What fruit-topped actress was known as The Brazilian Bombshell ?"
"HUM:gr","When the Tutankhamun exhibit was on display in the U.S. , what moving company transported it ?"
"HUM:ind","Who played the title role in My Favorite Martian ?"
"HUM:ind","Who invented the game Scrabble ?"
"HUM:ind","When Mighty Mouse was conceived , what was his original name ?"
"HUM:gr","What group starred in the movie Rock Around the Clock ?"
"HUM:ind","What is Nathan Hamill 's role in the new Star Wars prequel ?"
"HUM:ind","What New York Yankee was known as The Iron Horse ?"
"HUM:ind","Who is considered The First Lady of the American Stage ?"
"HUM:ind","Who penned : `` Neither a borrower nor a lender be '' ?"
"HUM:ind","Who headed Hitler 's infamous Gestapo ?"
"HUM:ind","What is a person called that likes fire ?"
"HUM:gr","Name a South African diamond producer ?"
"HUM:ind","Who made the musical plea Be True to Your School ?"
"HUM:ind","What French designer declared : `` The jean is the destructor ! It is a dictator ! It is destroying creativity. The jean must be stopped ! '' ?"
"HUM:gr","Name a band which was famous in the 1960 's ."
"HUM:ind","What comedian was banned from the Ed Sullivan Show for allegedly making an obscene gesture at the show 's host ?"
"HUM:ind","What Apollo 11 astronaut minded the store while Armstrong and Aldrin made history ?"
"HUM:ind","What Good Little Witch is Casper 's girlfriend ?"
"HUM:ind","What was the nickname of Frederick I , Holy Roman Emperor and King of Germany ?"
"HUM:ind","Who made Stonehenge ?"
"HUM:ind","Who 's the founder and editor of The National Review ?"
"HUM:ind","Who was the first governor of West Virginia ?"
"HUM:ind","What famous soldier was born in Europe , died in Asia , and was laid to rest in Africa ?"
"HUM:gr","What culture developed the idea of potlatch ?"
"HUM:gr","What baseball team became the Minnesota Twins ?"
"HUM:ind","What is Michael Jackson 's middle name ?"
"HUM:ind","Who was the first woman to fly solo across the Atlantic ?"
"HUM:ind","Who started the Dominos Pizza chain ?"
"HUM:ind","Which NBA players had jersey number 0 ?"
"HUM:gr","What chocolate company gives you a one-pound kiss ?"
"HUM:ind","Who is the famous movie star who also acted as sewer commissioner of Provo Canyon , Utah ?"
"HUM:ind","Name Randy Craft 's lawyer ."
"HUM:gr","What is the best distance education university or college ?"
"HUM:ind","What is a person called that likes fire ?"
"HUM:ind","Who portrayed Vincent Van Gogh in Lust for Life ?"
"HUM:ind","Who was known as the Time Master in comic books ?"
"HUM:ind","Who is the father of the computer ?"
"HUM:ind","Who said : `` Old soldiers never die ; they just fade away '' ?"
"HUM:gr","What National League baseball team employed 72 third baseemen in its first 2 seasons ?"
"HUM:ind","Who 's the only man to have won the Olympic decathlon twice ?"
"HUM:ind","What is the name of Miss India 1994 ?"
"HUM:ind","Who was the second man to walk on the moon ?"
"HUM:ind","What major Victorian novelist spent as much time working for the post office as he did writing ?"
"HUM:gr","The major league baseball team in Pittsburgh is called what ?"
"HUM:ind","Who is the Pope ?"
"HUM:ind","What 's the most common surname in America ?"
"HUM:desc","Who is Imam Hussain Ben Ali whom Shia people believe in ?"
"HUM:desc","Who was William Henry Harrison ?"
"HUM:ind","Who was the first black performer to have his own network TV show ?"
"HUM:gr","What company uses the unfamiliar faces of its celebrity spokespeople to promote the use of its product ?"
"HUM:ind","Who directed The Wild Bunch ?"
"HUM:ind","What comedian was born Allen Stewart Konigsberg ?"
"HUM:ind","What poet wrote : `` ... I have promises to keep , and miles to go before I sleep '' ?"
"HUM:ind","Who runs Andy Capp 's favorite pub ?"
"HUM:ind","What author of the Days of Our Lives Cookbook signed on in 198 as Liz Chandler in TV 's Days of Our Lives ?"
"HUM:ind","What President was assassinated by Charles J. Guiteau ?"
"HUM:ind","What comic of TV 's golden age went by the motto `` Anything for a laugh '' ?"
"HUM:ind","Who invented the game bowling ?"
"HUM:gr","What group kidnaped Patricia Hearst ?"
"HUM:ind","Who is the creator of `` The Muppets '' ?"
"HUM:ind","Which of the following celebrities started his show-biz career as a disc jockey ?"
"HUM:ind","Who asked you to do the Loco-Motion with her in 1962 ?"
"HUM:ind","What President served for five years , six months and 2 days ?"
"HUM:ind","What is Drew Barrymore 's middle name ?"
"HUM:ind","What is Supergirl 's secret identity ?"
"HUM:gr","What court does Bob Woodward describe in The Brethren ?"
"HUM:ind","Who made the first surfboard ?"
"HUM:ind","What is the name of the police officer who tried to keep order in Top Cat 's neighborhood ?"
"HUM:ind","Who is the Greek God of the Sea ?"
"HUM:ind","What well-known music personality is the father of an adopted son named Hans Christian Henderson ?"
"HUM:ind","Who was the first woman governor of Wyoming ?"
"HUM:ind","What Green Bay Packers coach philosophized : `` There 's nothing that stokes the fire like hate '' ?"
"HUM:ind","What famous comedian recently tried without success to revive the play ?"
"HUM:ind","What TV family sometimes buys eclairs from Nelson 's Bakery ?"
"HUM:ind","What enigmatic U.S. vice president was once tried and acquitted for treason in a plot to set up his own independent empire in the West ?"
"HUM:ind","Who was Charles Lindbergh 's wife ?"
"HUM:ind","Who sings Angel Eyes from the 80 's ?"
"HUM:desc","What information can you tell me about actor James Cromwell ?"
"HUM:ind","What dumb-but-loveable character did Maurice Gosfield play on The Phil Silvers Show ?"
"HUM:gr","What was called the world 's largest department store ?"
"HUM:ind","What was the nickname of German flying ace Manfred von Richthofen ?"
"HUM:ind","Who wrote ` Hamlet ' ?"
"HUM:ind","What pseudonym did William Sydney Porter use in writing The Gift of the Magi ?"
"HUM:ind","What is the last name of Lucy and Linus from the Peanut 's comic strip ?"
"HUM:ind","What cheery fellow got the ZIP code 9971 from the U.S. Postal Service in 1963 ?"
"HUM:gr","Name Pittsburgh 's baseball team ."
"HUM:ind","Who was the Russian ambassador to Hungary during the 1956 uprising ?"
"HUM:ind","Who holds the NFL record for most touchdowns in a season ?"
"HUM:desc","Who is Shirley MacLaine ?"
"HUM:gr","What business exports the sparkling wine Spumante ?"
"HUM:ind","Who wrote ` The Pines of Rome ' ?"
"HUM:gr","What was the first U.S.-based team in the NHL ?"
"HUM:ind","Who played for the Chicago Bears , Houston Oilers and Oakland Raiders in a 26-year pro football career ?"
"HUM:ind","Who leads the star ship Enterprise in Star Trek ?"
"HUM:ind","Who won World War II ?"
"HUM:ind","Who was Garrett Morgan married to ?"
"HUM:ind","What was the name of Darth Vader 's son ?"
"HUM:desc","Who is Ishmael in Moby Dick ?"
"HUM:ind","Name the two blob members of the animated Herculoids ."
"HUM:ind","What well-known TV talk show host was a lay preacher by the time he was seventeen ?"
"HUM:ind","What one of the Backstreet Boys are single ?"
"HUM:ind","What Civil War general wreaked havoc on the south by marching through Georgia on his way to the sea ?"
"HUM:ind","Who was the conservationist who served as spokesperson for Post Grape Nuts ?"
"HUM:ind","What suburban housewife and mother of three wrote The Feminine Mystique ?"
"HUM:desc","Who was Whitcomb Judson ?"
"HUM:ind","Name a canine cartoon character other than Huckleberry Hound to have a voice by Daws Butler ."
"HUM:ind","Who shoplifts ?"
"HUM:ind","Which two inventors invented Post-its ?"
"HUM:ind","Whose image is alleged to be on The Shroud of Turin ?"
"HUM:ind","What U.S. general was court-martialled for criticizing American air power ?"
"HUM:ind","Who said : `` The victor will never be asked if he told the truth '' ?"
"HUM:desc","Who is Langston Hughes ?"
"HUM:ind","Saddam Hussein was compared to whom by President Bush ?"
"HUM:ind","Who wrote the book , `` The Grinch Who Stole Christmas '' ?"
"HUM:ind","What jockey won 17 Triple Crown races ?"
"HUM:ind","Who seized power from Milton Obote in 1971 ?"
"HUM:ind","What well-known actor is the father of star Alan Alda ?"
"HUM:ind","What little boy and dog live in a shoe ?"
"HUM:ind","What was Marilyn Monroe 's real name ?"
"HUM:ind","What father and son won the Medal of Honor ?"
"HUM:gr","Which high schools are included in the South Florida Ice Hockey league ?"
"HUM:ind","Who is the Prophet of Medina ?"
"HUM:ind","What is the name of the woman who was with John Belushi when he died ?"
"HUM:ind","Whose funeral train traveled from Washington D.C. to Springfield , Illinois ?"
"HUM:ind","What 's the better-known identity of John Merrick , the noble ogre of Victorian England ?"
"HUM:ind","What is her husband 's name ?"
"HUM:gr","What cigarette company urged us , `` Come to where the flavor is ? ''"
"HUM:ind","Which of the following did not receive a 1983 `` Outstanding Mother Award '' from the National Mother 's Day Committee ?"
"HUM:ind","What Dynasty star made her 2th Century-Fox debut in The Virgin Queen ?"
"HUM:ind","What actress holds the record for the most appearances on the cover of Life ?"
"HUM:gr","Name the company that used the line , `` Even your best friend won 't tell you '' in its ad ?"
"HUM:ind","What U.S. President had brothers-in-law in the Confederate army ?"
"HUM:ind","Who is the Queen of Holland ?"
"HUM:ind","What actor learned to play the saxophone and speak Russian for a role in a movie ?"
"HUM:ind","Who says , `` If you don 't look good , we don 't look good '' ?"
"HUM:ind","Who was Secretary of State during the Nixon administration ?"
"HUM:desc","Who is Johnny Carson ?"
"HUM:ind","What attorneys work for The Center for the Defense of Free Enterprise ?"
"HUM:gr","What U.S. university boasts the largest library ?"
"HUM:ind","Which classical Spanish writer said `` All that glitters is not gold '' ?"
"HUM:gr","Which organization is the Security Council a part of ?"
"HUM:ind","Who painted `` Soft Self-Portrait with Grilled Bacon '' ?"
"HUM:gr","What company markets a shampoo `` for brunettes only '' ?"
"HUM:ind","Who killed Caesar ?"
"HUM:desc","Who is Count Cinzano ?"
"HUM:ind","Who 's won the most Oscars for costume design ?"
"HUM:ind","What U.S. vice-president once declared : `` If you 've seen one slum , you 've seen them all '' ?"
"HUM:ind","Who wrote The Red Badge of Courage ?"
"HUM:ind","What British monarch 's lap did P.T. Barnum 's Tom Thumb sit in ?"
"HUM:ind","Who invented the road traffic cone ?"
"HUM:gr","What is the name of Joan Jett 's band ?"
"HUM:ind","Which of the following people is not associated with Andy Warhol ?"
"HUM:gr","What civilization invented the arch ?"
"HUM:gr","What is an example of a famous rock band from the sixties ?"
"HUM:ind","What president 's ghost is said to haunt the White House ?"
"HUM:ind","What are the names of Jack 's original roommates on Three 's Company ?"
"HUM:ind","Who won the Battle of Gettysburg ?"
"HUM:ind","Name the two youngsters saved by the animated Moby Dick ."
"HUM:ind","Who was the captain of the tanker , Exxon Valdez , involved in the oil spill in Prince William Sound , Alaska , 1989 ?"
"HUM:desc","Who is Stephen Hawking ?"
"HUM:ind","The name of the actor who played the detective in the film Kindergarden Cop is what ?"
"HUM:ind","What actor came to dinner in Guess Who 's Coming to Dinner ?"
"HUM:ind","What engineer invented the pull-tab can ?"
"HUM:gr","Which college did Dikembe Mutombo attend ?"
"HUM:ind","Who was the first actress to appear on a postage stamp ?"
"HUM:ind","Who was the first black woman to star in the Folies Bergeres ?"
"HUM:ind","What bottled-up TV character was born in Baghdad ?"
"HUM:ind","Who asked the musical question : `` Have you ever been to electric lady land ? ''"
"HUM:ind","Who wrote : `` Poems are made by fools like me but only God can make a tree '' ?"
"HUM:ind","Who played the part of the Godfather in the movie , ` The Godfather ' ?"
"HUM:ind","Who invented the Wonderbra ?"
"HUM:ind","Who owns the St. Louis Rams ?"
"HUM:ind","What Texas surgeon performed the first artificial heart transplant ?"
"HUM:ind","Who made the most appearances in the center square on Hollywood Squares ?"
"HUM:gr","What store claims to be the world 's largest department store ?"
"HUM:ind","What `` marvelous '' major-league baseball player is now a spokesman for a beer company ?"
"HUM:ind","Who said `` the only thing we have to fear is fear itself '' ?"
"HUM:ind","Who is the sexiest women in the world ?"
"HUM:ind","Who was the supreme god of Germanic religion ?"
"HUM:ind","Who 's played the most games for the New York Yankees ?"
"HUM:ind","What TV character said ; `` One of these days , Alice , pow , right in the kisser '' ?"
"HUM:ind","What is the name of the Indian who became prime minister by beating Mrs. Gandhi in the 1977 election ?"
"HUM:ind","What Chilean president was killed in a 1973 coup d 'etat ?"
"HUM:ind","Name the first Russian astronaut to do a spacewalk ."
"HUM:ind","What are the first names of the famous husband-and-wife acting team of Lunt and Fontanne ?"
"HUM:gr","What cable network bills itself as `` the family entertainer '' ?"
"HUM:ind","What President was meant for , but never placed in , the empty crypt beneath the capital 's rotunda ?"
"HUM:ind","Who won the Superbowl in ?"
"HUM:ind","What Hungarian cardinal was first a state prisoner and then a refugee in the U.S. embassy 1956-1971 ?"
"HUM:ind","Who directed Citizen Kane ?"
"HUM:ind","What is the nickname of the famous flyer who mistakenly flew to Ireland instead of to Los Angeles ?"
"HUM:ind","Whose special bear 's creator was born on January 18 , 1779 ?"
"HUM:gr","What high school does Archie attend ?"
"HUM:gr","What television network flogged its sports programming on Inga Nielsen 's body in 197 ?"
"HUM:ind","What Italian leader had a lifelong fear of the evil eye ?"
"HUM:ind","Who said : `` What contemptible scoundrel stole the cork from my lunch ? ''"
"HUM:ind","What president kissed the Queen Mother on the lips ?"
"HUM:ind","What was Al Capone 's nickname ?"
"HUM:ind","Who was the author of the famous fairy tale `` Snow White and Seven Dwarfs '' ?"
"HUM:ind","Who is behind the name of the Harvey Wallbanger drink ?"
"HUM:gr","What South African producer had a 1988 profit of $836 million ?"
"HUM:ind","What American actress was the first to be called a `` vamp '' ?"
"HUM:gr","What card company sells Christmas ornaments ?"
"HUM:ind","Who is the premier of China ?"
"HUM:ind","What cigar-chewing comedian observed : `` You 're only as old as the woman you feel '' ?"
"HUM:gr","What bread company used to feature stickers of the Cisco Kid on the ends of their packages ?"
"HUM:ind","Who was the president of Vichy France ?"
"HUM:ind","Whose kidnaping was termed The Crime of the Century ?"
"HUM:gr","What group asked the musical question Do You Believe in Magic ?"
"HUM:ind","What buxom blonde appeared on the cover of more than 5 magazines ?"
"HUM:ind","Who first broke the sound barrier ?"
"HUM:ind","What role do fruits play in the survival of plants ?"
"HUM:ind","What Pulitzer Prize-winning novelist ran for mayor of New York City ?"
"HUM:ind","Who was Scrooge 's dead partner in Dickens 's A Christmas Carol ?"
"HUM:ind","Who recorded the 1957 hit Tammy ?"
"HUM:ind","Who is Mia Farrow 's mother ?"
"HUM:ind","What baseball player was walked the most times ?"
"HUM:ind","What famous male vocalist has the same name as the composer of the opera Hansel and Gretel ?"
"HUM:ind","Who was the only president to serve two nonconsecutive terms ?"
"HUM:ind","What labor leader was last seen in the parking lot of a Michigan restaurant ?"
"HUM:ind","Who reports the weather on the `` Good Morning America '' television show ?"
"HUM:ind","What was the name of `` The Muppets '' creator ?"
"HUM:ind","Who sent the brief message `` I came , I saw , I conquered '' ?"
"HUM:ind","What U.S. Air Force general led the first bombing raid over Tokyo ?"
"HUM:ind","What U.S. vice-president said : `` Some newspapers dispose of their garbage by printing it '' ?"
"HUM:ind","What was the name of the first Watergate special prosecutor , later fired by Nixon ?"
"HUM:gr","What 's the supreme policy-making bureau of the Soviet Communist Party ?"
"HUM:gr","Who are the nomadic hunting and gathering tribe of the Kalahari Desert in Africa ?"
"HUM:ind","Who won a Pulitzer Prize for his novel The Caine Mutiny ?"
"HUM:ind","Who portrayed Sherlock Holmes in 14 films between 1939 and 1946 ?"
"HUM:ind","What is the name of the pop singer whose song became the theme song for a brand of catsup ?"
"HUM:ind","Who claimed to be the world 's most perfectly-developed man ?"
"HUM:gr","What kind of people took part in Shays ' Rebellion in Massachusetts in 1787 ?"
"HUM:ind","What American won the world Grand Prix driving championship in 1978 ?"
"HUM:ind","Name a female figure skater ."
"HUM:ind","Who portrayed Carl Bernstein in All the President 's Men ?"
"HUM:ind","Who was Tiny Tim 's father ?"
"HUM:ind","Who was Bonnie Blue Butler 's father ?"
"HUM:ind","Who is the Antichrist ?"
"HUM:ind","Who was the lawyer who represented Randy Steven Craft ?"
"HUM:ind","Which of the following celebrities was not born in Philadelphia ?"
"HUM:ind","Who wrote the Farmer 's Almanac ?"
"HUM:gr","Which team won the Super Bowl in 1968 ?"
"HUM:ind","CNN is owned by whom ?"
"HUM:ind","Who was the 15th century fire-and-brimstone monk who gained control of Florence but ended burnt at the stake ?"
"HUM:desc","Who was Quetzalcoatl ?"
"HUM:ind","What French leader sold Louisiana to the United States ?"
"HUM:ind","Who is the prime minister of Japan ?"
"HUM:ind","What player squats an average of 3 times during a baseball doubleheader ?"
"HUM:ind","What 's the most common name in nursery rhymes ?"
"HUM:ind","Who wrote the book , `` Song of Solomon '' ?"
"HUM:ind","Name the Ranger who was always after Yogi Bear ."
"HUM:ind","Who is the president of the Spanish government ?"
"HUM:ind","Who holds the career record for the most major league home runs ?"
"HUM:ind","Which of the following actors worked in New York 's Yiddish Theater ?"
"HUM:ind","Who invented the stethoscope ?"
"HUM:ind","What comedian hit the TV screen in 1951 with the NBC afternoon show Time for Ernie ?"
"HUM:ind","What are Arnold Palmer 's fans called ?"
"HUM:ind","Who retired with 755 home runs to his credit ?"
"HUM:ind","Who developed potlatch ?"
"HUM:gr","What group included Abbey Hoffman , Jerry Rubin , and Tom Hayden ?"
"HUM:ind","Name the two actress daughters of John Mills ."
"HUM:ind","Who is the actress Bette Davis once said she wished she looked like ?"
"HUM:ind","Who portrayed The Cowardly Lion in The Wizard of Oz ?"
"HUM:ind","Who was the first king of England ?"
"HUM:ind","Who killed Kurt Cobain ?"
"HUM:ind","Who created the monster in Mary Shelley 's novel Frankenstein ?"
"HUM:ind","What son of a 15-year-old Mexican girl and a half-Irish father became the world 's most famous Greek ?"
"HUM:ind","Who was the first man to return to space ?"
"HUM:ind","Who gave Abbie Hoffman his first dose of LSD ?"
"HUM:title","What did the Seven Dwarfs do for a living ?"
"HUM:ind","What 4-foot-9 actress in 1984 became the first performer to win an Oscar for playing a character of the opposite sex ?"
"HUM:ind","Who shot Billy the Kid ?"
"HUM:ind","What Mormon leader was said to have had 27 wives ?"
"HUM:ind","With whom did Bush compare Saddam Hussein ?"
"HUM:ind","What pillar of the Dutch Renaissance painted Aristotle Contemplating the Bust of Homer ?"
"HUM:ind","What is the name of the brilliant British economist behind its creation ?"
"HUM:ind","Who played Sally Rogers on The Dick Van Dyke Show ?"
"HUM:ind","What mythical figure carries an hourglass and a scythe ?"
"HUM:gr","What presidential administration challenged Americans to explore The New Frontier ?"
"HUM:ind","What famous British actor lost his voice after an operation in 1966 ?"
"HUM:gr","What company makes impulse hardening equipment ?"
"HUM:ind","What is Rona Barrett 's married name ?"
"HUM:ind","Who is the mathematician that won the Noble Prize for Literature in 1950 ?"
"HUM:ind","Which glamorous actress is a close friend of Dick Tracy ?"
"HUM:gr","Name the three races unleashed by the Celestials in Marvel comics ."
"HUM:ind","What President hit the jogging paths to enhance his athletic image and , sporting No. 39 , almost collapsed during the road race ?"
"HUM:ind","What writer-journalist made his mark describing colorful Broadway and underworld characters ?"
"HUM:gr","What are the residents of the island of Lesbos called ?"
"HUM:ind","What baseball great plugged Mr. Coffee ?"
"HUM:ind","Who 's baby was Sweet Pea on the Popeye cartoon ?"
"HUM:ind","What English physician was born on January 18 , 1779 and went on to create two important inventions ?"
"HUM:ind","Who did Arthur H. Bremer try to assassinate on May 15 , 1972 ?"
"HUM:ind","What apostle is Taylor Caldwell 's Great Lion of God ?"
"HUM:gr","What company sells the most greeting cards ?"
"HUM:ind","What 's comic strip photographer Peter Parker 's secret identity ?"
"HUM:ind","Which Rockefeller was sometimes called `` JDR3 '' ?"
"HUM:ind","Whom did Friz Freleng add to the Warner Bros. cartoon ranks ?"
"HUM:ind","Who was Shakespeare 's Moorish general ?"
"HUM:ind","Who taught Matt Murdock to use his extraordinary abilities in Marvel comics ?"
"HUM:ind","What famous film and TV cowboy lent his name to a fast food chain ?"
"HUM:ind","Who famously rode to warn the people of Massachusetts that the British were coming ?"
"HUM:ind","Who commanded the French forces at the Battle of Orleans ?"
"HUM:ind","Who led the opposition when Konrad Adenauer was Chancellor in Germany ?"
"HUM:ind","Who turned all he touched to gold ?"
"HUM:ind","Who plays shortstop for Charlie Brown 's baseball team ?"
"HUM:ind","Who was the most famous food editor of The New York Times ?"
"HUM:ind","Who was the last U.S. president to reinstate Selective Service registration ?"
"HUM:ind","What was the name of the lawyer who represented Randy Steven Craft ?"
"HUM:ind","What actress 's autobiography is titled Shelley : Also Known as Shirley ?"
"HUM:ind","Who lived on the shores of the Gitchee Gumee River ?"
"HUM:ind","Who is section manager for guidance and control systems at JPL ?"
"HUM:ind","What is Goldfinger 's first name ?"
"HUM:ind","Which of the following famous people does not paint as a hobby ?"
"HUM:ind","Who should I call to get a tour of the New York Stock Exchange ?"
"HUM:ind","What U.S. general died December 1 , 1945 , when his jeep collided with a truck ?"
"HUM:ind","What was the name of the director of the movie `` Jaws '' ?"
"HUM:ind","Who portrayed W.C. Fields in the film W.C. Fields and Me ?"
"HUM:gr","Which college did Dikembe Mutombo play basketball at ?"
"HUM:ind","Who built the first successful stern wheel steamboat ?"
"HUM:ind","Who was Hitler 's minister of propaganda ?"
"HUM:ind","Who was the first doctor to successfully transplant a liver ?"
"HUM:ind","Who was the lawyer for Randy Steven Craft ?"
"HUM:ind","Who is reputed to be the greatest maker of violins ?"
"HUM:ind","What future Soviet dictator was training to be a priest when he got turned on to Marxism ?"
"HUM:ind","Who sued the Dannon yougurt company for using a character named Ron Raider for promotion ?"
"HUM:ind","Who was the first jockey to ride two Triple Crown winners ?"
"HUM:ind","Who wrote Brave New World ?"
"HUM:ind","Who wrote Unsafe at Any Speed ?"
"HUM:ind","What British commander surrendered to George Washington at Yorktown in 1781 ?"
"HUM:ind","Who created the World Wide Web , WWW ?"
"HUM:ind","What is the name of the president of Garmat U.S.A ?"
"HUM:ind","Who were leaders of the Byzantine empire ?"
"HUM:ind","Who was the first President to appoint a woman to head a cabinet ?"
"HUM:gr","Who built the first pyramid ?"
"HUM:gr","Name a French fascist party ."
"HUM:gr","What famous meat company went out of business because it became known that the underworld had been selling them kangaroo meat ?"
"HUM:ind","What is the present Pope named ?"
"HUM:ind","Who is the nebbish that is Marvel 's official mascot ?"
"HUM:ind","Who sang the song `` Hooked on a Feeling '' in the dancing baby episode of `` Ally Mcbeal '' ?"
"HUM:ind","Who was the Columbia Pictures head who forged actor Cliff Robertson 's name on a $1 , 000 check ?"
"HUM:desc","Who was Damocles ?"
"HUM:ind","Name Dondi 's adoptive grandfather ."
"HUM:ind","Whose biography by Maurice Zolotow is titled Shooting Star ?"
"HUM:ind","In the movie Groundshog Day what is the name of the character played by Andie MacDowell ?"
"HUM:gr","What are the top ten all-time money making NFL teams ?"
"HUM:gr","What college enlivens Hanover , New Hampshire ?"
"HUM:ind","Who was the first American citizen awarded the Albert Medal of the Society of Arts ?"
"HUM:ind","What doctor is synonymous with footwear and foot care ?"
"HUM:ind","Who founded the Unification Church ?"
"HUM:title","What are the only players eligible to score points in Roller Derby called ?"
"HUM:ind","What ill-fated American general dragged a bull terrier named Willie through World War II ?"
"HUM:ind","Who invented the lawnmower ?"
"HUM:ind","What U.S. senator once played basketball for the New York Knicks ?"
"HUM:ind","What is Li 'l Abner 's last name ?"
"HUM:ind","What architect originated the glass house designed the Chicago Federal Center had a philosophy of `` less is more , '' and produced plans that were the forerunner of the California ranch house ?"
"HUM:ind","Who shared a New York City apartment with Roger Maris the year he hit 61 home runs ?"
"HUM:ind","Who is the director of intergovernmental affairs for the San Diego county ?"
"HUM:ind","What Hall of Fame pitcher started three World Series Games for the New York Yankees in 1962 ?"
"HUM:gr","What political party is Sinn Fein a part of ?"
"HUM:ind","What is the name of a Greek god ?"
"HUM:ind","What was the man 's name who was killed in a duel with Aaron Burr ?"
"HUM:ind","Who directed the first Woody Woodpecker cartoon ?"
"HUM:ind","What two historical figures , who fought each other in a famous battle , each have a food named after them ?"
"HUM:ind","Name of heroine in `` Scruples '' ?"
"HUM:ind","What TV character sired a horse named Thunder ?"
"HUM:ind","What baseball player was known as Charley Hustle ?"
"HUM:ind","Who killed Lee Harvey Oswald ?"
"HUM:desc","Who was Red Grange ?"
"HUM:gr","What hockey team did Wayne Gretzky play for ?"
"HUM:gr","What Ivy League school plays its home games at Palmer Stadium ?"
"HUM:ind","Who invented the fax machine ?"
"HUM:ind","Who wrote the poem that starts `` I love your lips when they 're wet with wine and red with a warm desire '' ?"
"HUM:ind","What singer 's theme song was When the Moon Comes over the Mountain ?"
"HUM:desc","Who was Santos-Dumont ?"
"HUM:ind","Who is Rocky 's and Bullwinkle 's ever-lost friend ?"
"HUM:desc","Who is Robin Williams ?"
"HUM:ind","Who thought he 'd never see a poem lovely as a tree ?"
"HUM:ind","Who created `` The Muppets '' ?"
"HUM:gr","What was the Ventura County police department that seized the county 's largest amount of cocaine ever ?"
"HUM:ind","Name one of the major gods of Hinduism ."
"HUM:ind","What two US biochemists won the Nobel Prize in medicine in 1992 ?"
"HUM:gr","What record company was formed by Herb Alpert and Jerry Moss ?"
"HUM:gr","What fast-food magnate 's initials graced the left sleeve of the San Diego Padres ' baseball uniforms in 1984 ?"
"HUM:ind","Who else was considered for the role of Luke Skywalker when George Lucas was casting for Star Wars ?"
"HUM:ind","Who was the king who signed the Magna Carta ?"
"HUM:ind","Who is the leader of India ?"
"HUM:ind","Who is the prophet that is most connected to the Dead Sea ?"
"HUM:ind","Who wrote `` The Pit and the Pendulum '' ?"
"HUM:gr","What is the best art and design school in the world ?"
"HUM:ind","Who is the Incredible Hulk in reality ?"
"HUM:gr","What manufacturers are there in Texas ?"
"HUM:ind","Who are the presidents of Mexico and Indonesia ?"
"HUM:ind","Who played Al Jolson in the Jolson Story ?"
"HUM:ind","What TV detective did Craig Stevens play ?"
"HUM:gr","What university fired Angela Davis ?"
"HUM:ind","In the past 8 years who have the MVP players for the NHL been ?"
"HUM:ind","Who played Emperor Palpatine in Star Wars ?"
"HUM:ind","Whose husbands have included Conrad Hilton Jr. , and Michael Wilding ?"
"HUM:ind","Who is King in Alley Oop 's home of Moo ?"
"HUM:gr","What is `` the airline built for professional travelers '' ?"
"HUM:ind","Who invented the stock ticker in 1870 ?"
"HUM:ind","Who wrote the Bible ?"
"HUM:desc","Who is Henry Butler ?"
"HUM:ind","Which U.S. President is buried in Washington , D.C. ?"
"HUM:gr","What college did Dikembe Mutombo play basketball for ?"
"HUM:gr","Who made the first airplane ?"
"HUM:ind","The lawyer who represented Randy Craft , what was his name ?"
"HUM:gr","What organization is the Security Council a part of ?"
"HUM:ind","Who was the first black to be head coach of a major league pro sports team ?"
"HUM:desc","Who is John Macarthur , 1767-1834 ?"
"HUM:desc","Who is Peter Weir ?"
"HUM:ind","What robust U.S. President imported his own instructor after seeing a judo match ?"
"HUM:gr","What government department did The Untouchables work for ?"
"HUM:ind","What was the player 's name who played nose tackle for the Eagles in Super Bowl XV ?"
"HUM:ind","Who held the endurance record for women pilots in 1929 ?"
"HUM:title","What did Andy Hardy 's father do for a living ?"
"HUM:ind","Who are Woody Woodpecker 's niece and nephew ?"
"HUM:ind","Who created Maudie Frickett ?"
"HUM:ind","Who was the first English circumnavigator of the globe ?"
"HUM:gr","Who made the largest cocaine seizure in Ventura County history ?"
"HUM:ind","Who liberated 19th century Sicily and Naples ?"
"HUM:ind","What actor has a tattoo on his right wrist reading Scotland Forever ?"
"HUM:ind","Who appointed the chair of the Federal Reserve ?"
"HUM:desc","Who is Samuel F. Pickering ?"
"HUM:ind","What English queen had six fingers on one hand ?"
"HUM:ind","What tennis player has the nickname `` Nasty '' ?"
"HUM:ind","What non-conformist abstract painter was dubbed Jack The Dripper by Time ?"
"HUM:ind","Who founded the modern theory of probability ?"
"HUM:ind","Who 's The King of Swing ?"
"HUM:ind","What bestselling modern poet was the co-founder of the famous City Lights Bookshop in San Francisco ?"
"HUM:ind","What South Vietnamese president was assassinated by his generals in 1963 ?"
"HUM:ind","Who won the 1968 California Democratic primary ?"
"HUM:ind","Who spoke the only word in Mel Brooks 's Silent Movie ?"
"HUM:ind","What was Thatcher 's first name ?"
"HUM:gr","Name the fast food chain with the golden arches ."
"HUM:ind","Who was the first Russian astronaut to walk in space ?"
"HUM:ind","Who wrote ` Dubliners ' ?"
"HUM:ind","Who is Malaysia 's 43rd prime minister ?"
"HUM:ind","Who founded the first aerodynamics laboratory in 1912 ?"
"HUM:ind","Who said `` Give me liberty or give me death '' ?"
"HUM:gr","What 's Japan 's largest car manufacturer ?"
"HUM:ind","Name of the powerful white trader in Conrad 's `` Heart of Darkness '' ?"
"HUM:gr","Rotary engines were manufactured by which company ?"
"HUM:ind","Who invented the pull-tab opener on cans ?"
"HUM:ind","What is the name of the deranged super-criminal Otto Octavius uses ?"
"HUM:ind","Whose acceptance speech of more than 3 minutes prompted a time limit on Academy Award thank-yous ?"
"HUM:gr","Name the tree growing company ."
"HUM:ind","Who declared : `` I think I 'll go out and milk the elk '' ?"
"HUM:ind","Which former Ku Klux Klan member won an elected office in the U.S. ?"
"HUM:ind","Who was the actor who played Sam in the movie Casablanca ?"
"HUM:title","What task does the Bouvier breed of dog perform ?"
"HUM:ind","What New Orleans D.A. claimed : `` My staff and I solved the assassination weeks ago '' ?"
"HUM:ind","What was the real name of writer Ross Macdonald , creator of the hero Lew Archer ?"
"HUM:ind","Who makes chicken `` finger lickin '' good ?"
"HUM:ind","What director portrayed the commandant of the POW camp in 1953 's Stalag 17 ?"
"HUM:ind","What are the names of Jacques Cousteau 's two sons ?"
"HUM:ind","Who accompanied Space Ghost on his missions ?"
"HUM:ind","What World War II leader declared : `` The blow has been struck '' ?"
"HUM:ind","Who was Israel 's first prime minister ?"
"HUM:title","When not adventuring on Rann , what does Adam Strange call his profession ?"
"HUM:title","What occupation has the highest divorce rate ?"
"HUM:ind","What California governor said : `` Inaction may be the highest form of action '' ?"
"HUM:desc","Who is Desmond Tutu ?"
"HUM:ind","Who was the first person to study the stars ?"
"HUM:ind","Who is the author of the book , `` The Iron Lady : A Biography of Margaret Thatcher '' ?"
"HUM:gr","What are the top 10 colleges in the United States in the field of engineering ?"
"HUM:ind","Who did Doris Day mean when she said : `` I call him Ernie because he 's certainly no Rock '' ?"
"HUM:ind","Who is the owner of CNN ?"
"HUM:ind","What knighted actor narrates TV 's The World at War ?"
"HUM:ind","What football coach 's story was told in the movie Run to Daylight ?"
"HUM:gr","What businesses in Alaska were affected by the Exxon Valdez oil spill ?"
"HUM:ind","What was the name of Randy Craft 's lawyer ?"
"HUM:ind","Who markets Spaghetti-o 's ?"
"HUM:ind","Who co-starred with Julie Andrews in Mary Poppins ?"
"HUM:desc","Who was Ezra Taft Benson ?"
"HUM:ind","What Argentine boxer was shot dead outside a Nevada brothel in May ?"
"HUM:ind","What is Jimmy Olsen 's full name ?"
"HUM:ind","What famous New York City mayor wrote the hit song , `` Will You Love Me in December as You Do in May ? ''"
"HUM:ind","Who is Pia Zadora 's millionaire husband and mentor ?"
"HUM:ind","What U.S. President was the first to breed mules ?"
"HUM:ind","What astronomer-architect designed the present St. Paul 's Cathedral in London ?"
"HUM:ind","What feminist wrote Sexual Politics and Flying ?"
"HUM:ind","Who was the first American world chess champion ?"
"HUM:ind","Who was the last woman executed in England ?"
"HUM:gr","What university football team did O.J. Simpson take to the Rose Bowl ?"
"HUM:gr","What NFL team did Vince Lombardi end his coaching career with ?"
"HUM:desc","Who is Prince Naseem Hamed ?"
"HUM:title","What title does comedian Henry Youngman claim ?"
"HUM:gr","Who made the first airplane that could fly ?"
"HUM:ind","Who was International Olympic Committee chairman at the 1936 Summer Games ?"
"HUM:gr","What company has built more than 2.5 billion little green houses since 1935 ?"
"HUM:ind","What appointments secretary to Richard Nixon went to jail ?"
"HUM:ind","Who released the Internet worm in the late 1980s ?"
"HUM:ind","What is the name of the American who was captured when his plane went down over Syrian-held Lebanon ?"
"HUM:gr","What school does Tom attend in Tom Brown 's School Days ?"
"HUM:ind","What basketball player is credited with 23 , 924 rebounds ?"
"HUM:ind","What American sergeant lost both of his hands in combat during World War II and then went on to act in a single movie for which he won two Oscars ?"
"HUM:ind","Who invented the fountain ?"
"HUM:ind","What Batman character tools around on a Batcycle ?"
"HUM:ind","Who was Sherlock Holmes 's archenemy ?"
"HUM:ind","What 's the name of Tom Sawyer 's aunt with whom he lives ?"
"HUM:ind","Which member of the Micronauts spent 1 years traveling the Microverse in the Marvel comics ?"
"HUM:ind","What doctor claimed in a 1946 book : `` There is no such thing as a bad boy '' ?"
"HUM:ind","What comedian created a punch-drunk pugilist named Cauliflower McPugg ?"
"HUM:desc","Who is William Wordsworth ?"
"HUM:desc","Who is Charles Lindbergh ?"
"HUM:ind","Who is the prime minister in Norway ?"
"HUM:ind","What actress starred in `` The Lion in Winter '' ?"
"HUM:ind","Who won the rugby world cup in ?"
"HUM:title","What is Nicholas Cage 's profession ?"
"HUM:ind","Who is the famous sister of actress Olivia De Havilland ?"
"HUM:ind","Which German president was pressured into appointing Hitler chancellor in 1933 ?"
"HUM:gr","What businesses or agencies would do an employment verification ?"
"HUM:ind","What famous coach said `` if you can 't beat 'em in the alley , you can 't beat 'em on the ice '' ?"
"HUM:ind","What onetime member of Ronald Reagan 's cabinet called federal policy toward Indians `` an example of the failure of socialism '' ?"
"HUM:ind","Who was Darth Vader 's son ?"
"HUM:ind","Who invented the process to make condensed milk ?"
"HUM:ind","What actor and actress have made the most movies ?"
"HUM:ind","Who found Hawaii ?"
"HUM:ind","Who protects DC Comics ' realm of dreams ?"
"HUM:ind","Who created Harry Lime ?"
"HUM:ind","Who was President Cleveland 's wife ?"
"HUM:gr","What company named one of its pens `` The Banana '' ?"
"HUM:ind","Who invented the Moog Synthesizer ?"
"HUM:ind","Who makes the `` Die Hard '' car battery ?"
"HUM:ind","What is the name of Dolly Parton 's rarely seen husband ?"
"HUM:ind","Whose old London come-on was : `` Buy my sweet lavender '' ?"
"HUM:ind","Who wrote the lyrics to Porgy and Bess ?"
"HUM:ind","What two New York Yankee pitchers swapped wives and families ?"
"HUM:ind","Name one of King Henry VIII 's wives ."
"HUM:title","What does Robin Williams do ?"
"HUM:ind","Who is the French literary charcter who is chiefly famous for his enormous nose ?"
"HUM:ind","Who killed Martin Luther King ?"
"HUM:ind","Who owns the rights on a TV program ?"
"HUM:ind","Who invented Astroturf ?"
"HUM:ind","What Democratic prankster waved the train out of the station while Richard Nixon spoke from the caboose ?"
"HUM:ind","What former African leader held his country 's boxing title for nine years ?"
"HUM:gr","What camera company said , `` If you haven 't got the time , we 've got the camera ? ''"
"HUM:ind","What 2th-century American poet wrote a four-volume biography of Abraham Lincoln ?"
"HUM:ind","Who stopped making diary entries on May 31 , 1669 , because he thought he was going blind ?"
"HUM:ind","What journalist can be found in and around Walden Puddle ?"
"HUM:ind","What woman pitcher has struck out Ted Williams and Hank Aaron ?"
"HUM:ind","What is the real name of the singer , Madonna ?"
"HUM:ind","What Frenchman claimed the following ? If God did not exist , it would be necessary to invent him . ''"
"HUM:ind","Who was the first woman in space ?"
"HUM:gr","What professional sports league originated the college draft ?"
"HUM:ind","Who discovered imaginary numbers ?"
"HUM:ind","Who does the voices of the Simpsons ?"
"HUM:ind","Who is the richest person in the world , without owning a business ?"
"HUM:gr","Who manufactures the software , `` PhotoShop '' ?"
"HUM:ind","Who was the second man to walk on the moon ?"
"HUM:ind","What author was appointed U.S. ambassador to Spain in 1842 ?"
"HUM:ind","Who is Westview High 's band director in Funky Winkerbean ?"
"HUM:ind","What singer 's hit song inspired the Dolly Parton Stallone movie Rhinestone ?"
"HUM:desc","Who is Edmund Kemper ?"
"HUM:ind","What was Mao , the Chinese leader 's , full name ?"
"HUM:ind","Who is the director of the international group called the Human Genome Organization , HUGO , that is trying to coordinate gene-mapping research worldwide ?"
"HUM:gr","What radio station did Paul Harvey work for ?"
"HUM:ind","What character narrates Treasure Island ?"
"HUM:ind","Who starred with Charlie Chaplin in Modern Times and The Great Dictator ?"
"HUM:ind","What Catch-22 character is elected mayor of half a dozen Italian cities ?"
"HUM:ind","Whom does Uncle Duke 's girl friend , Honey , room with ?"
"HUM:ind","When called upon to surrender , what American general replied , `` Sir , I have not yet begun to fight . '' ?"
"HUM:gr","What team did Babe Ruth play his first major league game for ?"
"HUM:ind","What relative of Leo Tolstoy translated War and Peace eight times ?"
"HUM:ind","Who was the second person ever to wear Iron Man 's armor ?"
"HUM:ind","Who is the director and editor of the movie Big starring Tom Hanks ?"
"HUM:ind","Who won two gold medals in skiing in the Olympic Games in Calgary ?"
"HUM:gr","What are the four railways in Monopoly ?"
"HUM:ind","Who are the top ten richest people in the world ?"
"HUM:ind","Who is the leader of Brunei ?"
"HUM:ind","Who were the head writers for the Smothers Brothers Comedy Hour ?"
"HUM:ind","Who portrayed Prewett in From Here to Eternity ?"
"HUM:ind","What Scottish poet penned To a Mouse and To a Louse ?"
"HUM:ind","What is the name of the inventor of silly putty ?"
"HUM:ind","What famous communist leader died in Mexico City ?"
"HUM:ind","Who was the first woman to run the mile in less than 4 36893 minutes ?"
"HUM:ind","Who awarded The Flying Fickle Finger of Fate ?"
"HUM:ind","What future deer hunter portrayed Annie Hall 's neurotic brother , Duane ?"
"HUM:ind","What are the top boy names in the U.S. ?"
"HUM:ind","Who was the lyricist and who was the composer between Gilbert and Sullivan ?"
"HUM:ind","Who was the lawyer for Randy Craft ?"
"HUM:ind","Who was the 3rd president of the United States ?"
"HUM:ind","Name Dick Tracy 's two children ."
"HUM:gr","What was the previous name for the Commonwealth ?"
"HUM:ind","Who gave King Arthur the round table ?"
"HUM:ind","Who became president of the U.S. in 1789 ?"
"HUM:ind","Who wrote `` The Scarlet Letter '' ?"
"HUM:ind","Who did Sara Jane Moore try to assassinate ?"
"HUM:title","What title did Shevardnadze have during the Soviet era ?"
"HUM:ind","Which king signed the Magna Carta ?"
"HUM:ind","Name the child left on a doorstep at the beginning of Gasoline Alley ."
"HUM:gr","Which college did Dikembe Mutombo play basketball for ?"
"HUM:ind","What was Darth Vader 's son named ?"
"HUM:ind","What British female pop singing star of the 1960s and early 1970s was a child actress in the 1940s and '50s ?"
"HUM:ind","Who portrayed Field Marshal Erwin Rommel in The Desert Fox ?"
"HUM:ind","Who makes the `` cross-your-heart bra '' ?"
"HUM:ind","Who is Archie Bunker 's son-in-law ?"
"HUM:gr","What company produces Spumante ?"
"HUM:gr","What major airline has the best safety record in the world ?"
"HUM:ind","What President became Chief Justice after his presidency ?"
"HUM:ind","Who was chief engineer of the Starship Enterprise ?"
"HUM:ind","What mayor made so many TV appearances he was asked to join AFTRA in 1984 ?"
"HUM:ind","Who is the most sexy celebrity ?"
"HUM:ind","What detective lives on Punchbowl Hill and has 11 children ?"
"HUM:ind","Rotary engines used to be made by whom ?"
"HUM:ind","Who portrayed the title character in the film The Day of the Jackal ?"
"HUM:ind","Who was the first X-Man to die in battle ?"
"HUM:ind","Who is the President of Ghana ?"
"HUM:gr","What terrorist group was headed by Donald DeFreeze ?"
"HUM:ind","Who starred in the movie The War of the Worlds ?"
"HUM:ind","What actor , who had greatest fame on TV , became the father of triplets ?"
"HUM:title","What does Larry King do for a living ?"
"HUM:ind","Who shot Lee Harvey Oswald ?"
"HUM:ind","Who portrayed Renaud in Casablanca ?"
"HUM:gr","What rock group raised a ruckus at the White House by singing American Woman ?"
"HUM:ind","What famed clown appeared on an early Howdy Doody Show and insisted that Clarabell be made up as a real clown ?"
"HUM:gr","What group was formed in 1969 after police met resistance from patrons at the Stonewall , a Greenwich Village gay bar ?"
"HUM:desc","Who was Confucius ?"
"HUM:ind","Who is currently the most popular singer in the world ?"
"HUM:gr","What company started out making pies , and wound up manufacturing plastic throwing toys ?"
"HUM:ind","Who was the bandleader mentor of Ella Fitzgerald with whom she cowrote `` A_Tisket , A-Tasket '' ?"
"HUM:ind","Who invented basketball ?"
"HUM:gr","What was the name of Humphrey Bogart 's club in Casablanca ?"
"HUM:gr","What U.S. Government agency registers trademarks ?"
"HUM:ind","What hockey player did Ronald Reagan joke he would swap Texas for ?"
"HUM:ind","What President was buried at his ancestral home overlooking the Hudson River at Hyde Park , New York ?"
"HUM:gr","What are the five most popular Usenet groups ?"
"HUM:ind","Who domesticated the wild turkey ?"
"HUM:ind","What was the name of the US helicopter pilot shot down over North Korea ?"
"HUM:ind","Name the designer of the shoe that spawned millions of plastic imitations , known as ` jellies ' ."
"HUM:ind","Who is Olive Oyl 's brother ?"
"HUM:ind","What king boycotted Prince Charles 's wedding ?"
"HUM:title","What does Nicholas Cage do for a living ?"
"HUM:ind","What was the nickname of model Leslie Hornby ?"
"HUM:ind","Who portrayed Fatman in the television show , `` Jake and the Fatman '' ?"
"HUM:ind","What woman was Time 's Man of the Year for 1952 ?"
"HUM:ind","Who wrote The Ugly Duckling ?"
"HUM:ind","Who designed London Bridge ?"
"HUM:ind","Who was considered to be the father of psychology ?"
"HUM:ind","Who succeeded Nikita Khrushchev as first secretary of the Communist Party ?"
"HUM:ind","Who was chosen to be the first black chairman of the military Joint Chiefs of Staff ?"
"HUM:ind","Name of the lady the Great Gatsby pines for ?"
"HUM:ind","What celebrity couple , when going through a divorce , divided their toilet paper into two equal piles ?"
"HUM:ind","Who said `` What contemptible scoundrel stole the cork from my lunch ? ''"
"HUM:gr","What kind of company is 7-Eleven ?"
"HUM:gr","What are the major companies that are part of Dow Jones ?"
"HUM:gr","What college did Joe Namath play football for ?"
"HUM:ind","Who was the 1st U.S. President ?"
"HUM:ind","Who played Maria in the film West Side Story ?"
"HUM:ind","Who bestowed great power upon Captain Britain ?"
"HUM:ind","What is the most common boy 's or girl 's name ?"
"HUM:ind","Who was the accused in The Trial of the Century , which opened Janurary 1 , 1935 ?"
"HUM:ind","Who did the Seven Mules block for ?"
"HUM:gr","What is the world 's largest distilling company ?"
"HUM:ind","What 's the name of the actress who starred in the movie , `` Silence of the Lambs '' ?"
"HUM:ind","Who did Napolean defeat at Jena and Auerstadt ?"
"HUM:ind","What British prime minister and U.S. president were seventh cousins once-removed ?"
"HUM:ind","What was the name of the Titanic 's captain ?"
"HUM:ind","Name of heroine in `` Scruples '' ?"
"HUM:ind","Who wrote The Godfather ?"
"HUM:ind","Which of the following TV newsmen was a Rhodes scholar ?"
"HUM:ind","What six-foot temperance advocate wielded her hatchet on saloons ?"
"HUM:ind","Who invented volleyball ?"
"HUM:gr","Name a ballet company Mikhail Baryshnikov has danced for ?"
"HUM:ind","Who led the Normans to victory in the Battle of Hastings ?"
"HUM:ind","What 's the name of the star of the cooking show , `` Galloping Gourmet '' ?"
"HUM:ind","Who invented the horoscope ?"
"HUM:ind","What king was forced to agree to the Magna Carta ?"
"HUM:ind","What were Babe Ruth 's Christian names ?"
"HUM:ind","Who was the first elected mayor of Washington , D.C. ?"
"HUM:ind","Who wrote the sci-fi trilogy Foundation , Foundation and Empire , and Second Foundation ?"
"HUM:ind","What is Alice Cooper 's real name ?"
"HUM:ind","Who invented television ?"
"HUM:ind","Name the person who burst through the screen in the Lite beer commercials ."
"HUM:ind","What U.S. vice-president killed Alexander Hamilton in a duel ?"
"HUM:ind","Who wrote `` Much Ado About Nothing '' ?"
"HUM:ind","What Louisiana Senator won a seat that had been held by his father and mother ?"
"HUM:ind","Who won Oscars for her roles in Gone with the Wind and A Streetcar Named Desire ?"
"HUM:ind","What writer is famous for physically putting himself into the center of his subject matter ?"
"HUM:ind","Who 's the lead singer of the Led Zeppelin band ?"
"HUM:ind","In Dana 's `` Two Years Before the Mast , '' what seafarers lived in an abandoned oven on the beach at San Diego ?"
"HUM:ind","Who plays the cop in the movie `` Kindergarten Cop '' ?"
"HUM:ind","Who created Billy Pilgrim , a survivor of the Dresden firestorm ?"
"HUM:ind","Who is the richest woman in the world ?"
"HUM:title","What 's Mrs. Bridges 's job on TV 's Upstairs , Downstairs ?"
"HUM:ind","Who were the 1974 Oscar winners ?"
"HUM:gr","What kind of business is 7-Eleven ?"
"HUM:ind","Who wrote the book , `` Huckleberry Finn '' ?"
"HUM:ind","Who would you use the Heimlich maneuver on ?"
"HUM:ind","What radio , TV and movie character did Jackie Gleason and William Bendix play ?"
"HUM:ind","Name the U.S. Senate majority leader and the Speaker of the House ."
"HUM:gr","What name did football 's New York Titans adopt in 1963 ?"
"HUM:ind","What female suspect in the game of Clue is single ?"
"HUM:ind","Who owns CNN ?"
"HUM:ind","What member of The Little Rascals has an on-again , off-again sweetheart in Darla Hood ?"
"HUM:ind","What attorney-general ordered the closing of Alcatraz ?"
"HUM:ind","Who was the prophet of the Jewish people ?"
"HUM:ind","What is the most common name ?"
"HUM:ind","Who was the oldest U.S. president ?"
"HUM:gr","What diamond producer controls about 80% of the world 's diamonds ?"
"HUM:ind","Who is the prophet of the religion of Islam ?"
"HUM:ind","Who portrayed Maggio in the film From Here to Eternity ?"
"HUM:ind","Name the cartoon genie conjured by the magic ring shared by Nancy and Chuck ."
"HUM:desc","Who was Picasso ?"
"HUM:ind","Who were the only two bald U.S. Presidents ?"
"HUM:ind","Which member of Charlie 's Angels sang vocals for Josie and the Pussycats ?"
"HUM:ind","What comedian was The Perfect Fool ?"
"HUM:ind","Who loved Flash Gordon besides Dale ?"
"HUM:ind","Who 's the only president buried in Washington"
"HUM:ind","Whose singing voice was dubbed in for Natalie Wood in West Side Story and Audrey Hepburn in My Fair Lady ?"
"HUM:ind","President Bush compared Saddam Hussein to whom ?"
"HUM:gr","What 's the name of Pittsburgh 's baseball team ?"
"HUM:ind","What TV comedian worked with White Fang , Black Tooth and Pookie the Lion ?"
"HUM:ind","Who created the character James Bond ?"
"HUM:ind","What British general surrendered to the colonial army at Saratoga ?"
"HUM:ind","What artist 's studio was the Bateau-Lavoir in Montmartre ?"
"HUM:ind","Who wrote the song , `` Silent Night '' ?"
"HUM:gr","What company is the largest Japanese ship builder ?"
"HUM:ind","Who wrote The Collector ?"
"HUM:gr","Which major diamond producer is based in South Africa ?"
"HUM:ind","Who was Samuel Johnsons 's friend and biographer ?"
"HUM:ind","What kind of women gave Sigmund Freud erotic dreams ?"
"HUM:ind","Who wrote the bestselling Missionary Travels and Researches in South Africa , published in 1857 ?"
"HUM:ind","Who played the father on `` Charles in Charge '' ?"
"HUM:title","What is Steve Rogers 's profession when he 's not Captain America ?"
"HUM:ind","Who are the top 10 richest people in the world ?"
"HUM:gr","What ethnic group introduced the idea of potlatch ?"
"HUM:ind","What actor was the first man to appear on the cover of McCall 's ?"
"HUM:gr","What Cruise Line does Kathie Lee Gifford advertise for ?"
"HUM:ind","Name the Four Horsemen of the Apocalypse ."
"HUM:ind","What female faith healer wrote the inspirational book I Believe in Miracles ?"
"HUM:desc","Who was Jinnah ?"
"HUM:ind","What famous husband-and-wife team did radio ads for Blue Nun wine ?"
"HUM:ind","Who tramped through Florida looking for the Fountain of Youth ?"
"HUM:gr","What was the name of the Confederate mounted guerrilla group with which Jesse James and Coleman Younger had ridden ?"
"HUM:ind","Who followed up his first two underwater thrillers with The Girl of the Sea of Cortez ?"
"HUM:ind","Who is the one Independent Member of Congress ?"
"HUM:gr","What is a society ruled by elders ?"
"HUM:ind","What two presidents of the U.S. published books of poetry ?"
"HUM:ind","Which of the Seven Dwarfs comes first alphabetically ?"
"HUM:ind","What professional cricketer 's son wrote The War of the Worlds in 1898 ?"
"HUM:ind","What English playwright penned : `` Where the bee sucks , so shall I '' ?"
"HUM:ind","What was Fred Astaire 's dancing partner 's name ?"
"HUM:ind","What heavyweight boxer was known as The Wild Bull of the Pampas ?"
"HUM:ind","What TV talk-show host lends his name to a line of men 's clothing ?"
"HUM:ind","Who invented the electric guitar ?"
"HUM:ind","Who is the President of Pergament ?"
"HUM:ind","What American naval officer broke Japan 's isolationist policy in 1853 ?"
"HUM:gr","Which police department made the all-time biggest cocaine bust in Ventura County ?"
"HUM:ind","Who gave us the `` Rolling Writer '' ?"
"HUM:ind","Who wrote The Secret Life of Walter Mitty ?"
"HUM:ind","Who is the head of the World Bank ?"
"HUM:ind","What is the most popular last name ?"
"HUM:ind","Who moderated the first Kennedy-Nixon TV debate ?"
"HUM:ind","Who portrayed George M. Cohan in 1942 's Yankee Doodle Dandy ?"
"HUM:ind","Who 's the only U.S. president to have won a Pulitzer Prize ?"
"HUM:desc","Who was Maria Theresa ?"
"HUM:title","What is Larry King 's occupation ?"
"HUM:ind","Who invented `` The Muppets '' ?"
"HUM:gr","Who are cartoondom 's Super Six ?"
"HUM:ind","What fool is not so wise To lose an oath to win a paradise ?"
"HUM:ind","What monarch signed the Magna Carta ?"
"HUM:gr","What corporation does Madonna advertise for ?"
"HUM:gr","What store does Martha Stewart advertise for ?"
"HUM:gr","Which police department made the largest cocaine seizure ever in Ventura County ?"
"HUM:ind","What Pope inaugurated Vatican International Radio ?"
"HUM:ind","What king is satirized in the line : `` The King was in the countinghouse , counting all his money '' ?"
"HUM:gr","What company 's trademark was His Master 's Voice ?"
"HUM:ind","What Pope inaugurated Vatican International Radio ?"
"HUM:ind","What director made one silent and one sound version of The Ten Commandments ?"
"HUM:ind","Which presidents of the USA were Masons ?"
"HUM:ind","Who was the tallest U.S. president ?"
"HUM:ind","What character in The Beverly Hillbillies has the given names Daisy Moses ?"
"HUM:ind","What comedienne calls her sister-in-law Captain Bligh and her mother-in-law Moby Dick ?"
"HUM:ind","What president also became a supreme court justice ?"
"HUM:ind","Who was actress June Havoc 's legendary sister ?"
"HUM:ind","Who killed JFK ?"
"HUM:ind","Who was the star witness at the Senate Watergate hearings ?"
"HUM:ind","Who is the son-in-law of Sen. Everett Dirkson who was also a senator in the '70 's ?"
"HUM:gr","Who made the rotary engine automobile ?"
"HUM:ind","What were the last names of gangsters Bonnie and Clyde ?"
"HUM:ind","Who invented panties ?"
"HUM:gr","What is Pittsburgh 's baseball team called ?"
"HUM:ind","What President had never held an elected office until he was elected to the White House ?"
"HUM:ind","Who is the richest person in the world ?"
"HUM:gr","What international organization was founded by Clara Barton ?"
"HUM:gr","What corporation does Madonna advertise for ?"
"HUM:ind","Who is buried in the great pyramid of Giza ?"
"HUM:ind","What famous actress made her first appearance on stage at the age of five in the year 191 as `` Baby '' ?"
"HUM:gr","What are the three most successful companies of our time ?"
"HUM:gr","What is the name of the company that manufactures the `` American Girl '' doll collection ?"
"HUM:ind","What is Michael Jackson 's father 's name ?"
"HUM:ind","Who was the girl in Peter Sellers 's soup ?"
"HUM:ind","What creative genius said : `` Everything comes to him who hustles while he waits '' ?"
"HUM:ind","Who was Ben Casey 's boss ?"
"HUM:ind","What multitalented Academy-award-winning director failed a college course in motion-picture production ?"
"HUM:ind","What wild and crazy guy wrote a book called Cruel Shoes ?"
"HUM:gr","What police force did Mack Sennett create ?"
"HUM:ind","Who was in Death of a Salesman original movie , not 1985 ?"
"HUM:ind","What is Dr. Ruth 's last name ?"
"HUM:ind","What 's the middle name of movie producer Joseph E. Levine ?"
"HUM:ind","Who told all in Ball Four ?"
"HUM:ind","Who followed Willy Brandt as chancellor of the Federal Republic of Germany ?"
"HUM:ind","What name does the world know Renaissance artist Kyriakos Theotokopoulos by ?"
"HUM:ind","Who is the president of Bolivia ?"
"HUM:ind","Who played the title role in The Romantic Englishwoman ?"
"HUM:ind","What President once told Gene Autry : `` Please give my regards to your wife Dale '' ?"
"HUM:ind","Who made the deodorant that claimed that it `` actually builds up resistance to odor '' ?"
"HUM:ind","Who used AuH2O as an election slogan ?"
"HUM:ind","What painter popularized soup cans and Brillo soap pad boxes ?"
"HUM:ind","Who played Lucas McCain on The Rifleman ?"
"HUM:ind","Who was the only person convicted in the My Lai Massacre ?"
"HUM:gr","What was the name given the 6 , 500 German airforce troops that used the Spanish Civil War as a training exercise ?"
"HUM:gr","Rotary engine cars were made by what company ?"
"HUM:ind","Who was the lawyer who represented Randy Steven Craft ?"
"HUM:ind","What part did Benjamin Franklin play in the development of the newspaper in America ?"
"HUM:ind","Who is the prime minister of Australia ?"
"HUM:gr","What major league baseball team compiled the best won-lost record between 1957 and 1983 ?"
"HUM:ind","Who died with more than 1 , 000 U.S. patents to his credit ?"
"HUM:ind","What was the name of Randy Steven Craft 's lawyer ?"
"HUM:ind","Who won the first general election for President held in Malawi in May 1994 ?"
"HUM:ind","What Argentine revolutionary fought with Castro and died in Bolivia in May , 1979 ?"
"HUM:ind","What famous comic strip character died of acne ?"
"HUM:desc","Who is Zebulon Pike ?"
"HUM:ind","What has been the most common Christian name of U.S. presidents ?"
"HUM:ind","What English explorer discovered and named Virginia ?"
"HUM:gr","What people make up half the Soviet Union 's population ?"
"HUM:gr","Who used to make cars with rotary engines ?"
"HUM:desc","Who was Buffalo Bill ?"
